PRIMARY,,,,,
DATE,PRODUCT/PACK,SCHEME PERIOD,,SCHEME % (DETAILS),LOCATION/CLUSTER
10.05.04,PROD A,12.05.04,31.05.04,"5% 
-  On pur. Of <1 case in a single bill, 4% dis.
-  On pur. Of 1-3 cases in a single bill, 5% dis.
-  On pur. Of >3 cases in a single bill, 6% dis.",ALL INDIA
31.05.04,PROD A(EXTENDED),01.06.04,30.06.04,5%,ALL INDIA
01.07.04,PROD A,02.07.04,31.07.04,"4.8% - ON PUR. OF 30 (1 INNER BOX) 8GM., 3 UNITS OF ACRON DAZZLE DUET - 11ML. FREE.
ON PUR. OF 20 (1 INNER BOX) 15GM., 3 UNITS OF ACRON DAZZLE DUET - 11ML. FREE.",ALL INDIA
22.07.04,PROD A,23.07.04,31.07.04,"3.5% - ON PUR. OF 60 UNITS, 1 FEVISTIK 22GM. FREE.
ON PUR. OF 40 UNITS, 1 FEVISTIK 22GM. FREE","MUMBAI CP1& CP2, CALCUTTA CP1&CP2"
23.08.04,PROD A,01.08.04,31.08.04,"ONLY ON PENDING ORDERS WORTH RS.0.88 LACS.
4.8% - ON PUR. OF 30 (1 INNER BOX) 8GM., 3 UNITS OF ACRON DAZZLE DUET - 11ML. FREE.",CHENNAI
23.08.04,PROD A,01.08.04,31.08.04,"ONLY ON PENDING ORDERS 9180 UNITS
4.8% - ON PUR. OF 30 (1 INNER BOX) 8GM., 3 UNITS OF ACRON DAZZLE DUET - 11ML. FREE.",BANGALORE
10.09.04,PROD A,15.09.04,30.09.04,"4% - ON PUR. OF 30 UNITS 8GM., 5 UNITS OF PRIME TAPE 12MTRS. ""FREE""
ON PUR. OF 20 UNITS 815M., 5 UNITS OF PRIME TAPE 12MTRS. ""FREE""",ALL INDIA
,PROD A,10.12.04,25.12.04,4% - TO BE IMPLEMENTED AS GIFT SCHEME,DELHI BRANCH
,PROD A,10.12.04,25.12.04,4%,"CAL, CHANDIGARH, BGLR. & COCHIN"
,PROD A,15.12.04,31.12.04,4%,AHMDBD & MUMBAI
,PROD A,17.12.04,31.12.04,4%,"BGLR, HYDBD, DEL, CAL, MUM, INDORE"
08.02.05,PROD A,22.02.05,10.03.05,4% --- 8GM --- 37500 & 15GM. 15500 UNITS,ALL INDIA - EXCEPT CAL.
14.03.05,PROD A,15.03.05,25.03.05,4% --- 8GM --- 37500 & 15GM. 15500 UNITS,ALL INDIA - EXCEPT CAL.
,,,,,
SECONDARY,,,,,
DATE,PRODUCT/PACK,SCHEME PERIOD,,SCHEME % (DETAILS),LOCATION/CLUSTER
13.08.04,PROD A,07.08.04,14.08.04,"3.5% - ONLY ON 47,340 UNITS",MUMBAI - FOR SPECIFIC PARTIES & UNITS.
10.09.04,PROD A,01.09.04,30.09.04,"5% - ADDITIONAL DIS. FOR BULK SUPPLY OF 540 PCS. OF 8GM. TO MANTRALAYA, RAIPUR THRU SHYAM STATIONERY.",RAIPUR
10.09.04,PROD A(INSTITUTIONAL ORDER),01.09.04,31.08.05,TO SUPPLY 10000 PCS. P.M. FOR ONE YEAR AR RS.14/- PER PC.,"HAB PHARMACEUTICAL & RESEARCH LTD., MUMBAI"
21.09.04,PROD A,07.10.04,15.10.04,"6% - FREE TICKET ON RADIO MIRCHI DANDIYA NIGHT AT BANDRA-KURLA COMPLEX.
ON 2500/- ---- 1 TICKET
ON 4000/- ----  2 TICKETS",MUMBAI CP1 & CP2
15.10.04,PROD A,15.10.04,22.10.04,"4% - ONLY ON PENDING ORDERS.
ON 30 PCS. OF 8GM. 5 PRIME TAPES 12MTRS. FREE.
ON 20 PCS. OF 15GM. - 5 PRIME TAPES 12MTRS. FREE.","CAL., CUTTACK, RANCHI, AMBALA, ZIRAKHPUR, PARWANOO, DELHI."
19.10.04,PROD A,25.10.04,25.12.04,"4% - ON 1 PC., ONE PRIME EEZY TEAR CLEAR TAPE 12MMX5MTRS. FREE.",CHENNAI & COIMBATORE
10.11.04,PROD A,"09.11.04

AHMEDBD - 17.11.04","19.11.04

27.11.04",2%,ALL INDIA - EXCEPT CHENNAI FOR 8GM.
17.11.04,PROD A,17.11.04,20.11.04,3% - IN ADDITION TO 2% DIWALI DISCOUNT TO SUPPLY 3000 PCS. OF 8GM. & 2000 PCS. OF 15GM.,"ATLANTIC SHIPPING P.LTD., MUMBAI - THRU. SUNDARAM STATIONERS."
04.12.04,PROD A,01.12.04,07.12.04,"9%
8GM. --- 9000 PCS.
15GM. --- 1200 PCS.","SHREE MUNIANVRAAT, SNATRA MANDAL - J.M.KOTECH, MUMBAI"
10.01.05,PROD A,26.12.04,05.01.05,4%,"AMBALA, JAMMU, PARWANOO, ZIRAKHPUR"
29.12.04,PROD A(EXTENDED),29.12.04,31.12.04,"4% - ON 1 PC., ONE PRIME EEZY TEAR CLEAR TAPE 12MMX5MTRS. FREE.",CHENNAI & COIMBATORE
07.01.05,PROD A,26.12.04,05.01.05,4%,DELHI 
07.01.05,PROD A,26.12.04,05.01.05,4%,"SRI VARUN ENT., BGLR."
07.01.05,PROD A,26.12.04,05.01.05,4% - 8GM. --- 143 CS. & 15GM. --- 41 CASES,BGLR.
12.01.05,PROD A,06.01.05,20.01.05,4%,"AMBALA, JAMMU, PARWANOO, ZIRAKHPUR"
11.01.05,PROD A,11.01.05,22.01.05,4% - CUTTACK --- 20 CS. & RANCHI -- 25 CS.,CUTTACK & RANCHI
12.01.05,PROD A,12.01.05,31.01.05,4% -- 24000 UNITS,CHENNAI & COIMBATORE
19.01.05,PROD A,26.12.04,31.01.05,4%,HYDERABAD
08.02.05,PROD A,08.02.05,15.02.05,"10% --- 8GM.--- 6000, 15GM.--- 4000 UNITS","ATLANTIC SHIPPING P.LTD., MUMBAI - THRU. SUNDARAM STATIONERS."
,,,,,
,,,,,
SECONDARY,,,,,
03.08.04,PROD B,02.08.04,31.08.04,3% - & ADDITIONAL 2% DISC. TOWNS BUYING WORTH RS.2000/- IN A SINGLE BILL,"CHATTISGARH, MUMBAI CP1&2, MUM-MAH-PUN, MUM-MAH-GOA"
03.08.04,PROD B,02.08.05,31.08.05,3%,"HUBLI, BELGAUM, DHARWAD, GOKAK, CHIKODI, SADASHIVGAD, KARWAR & NIPPANI"
02.09.04,PROD B,01.09.04,20.09.04,3% - & ADDITIONAL 2% DISC. TOWNS BUYING WORTH RS.2000/- IN A SINGLE BILL,"CHATTISGARH, MUMBAI CP1&2, MUM-MAH-PUN, MUM-MAH-GOA"
02.09.04,PROD B,01.09.04,20.09.04,3% - & ADDITIONAL 2% DISC. TOWNS BUYING WORTH RS.2000/- IN A SINGLE BILL,"HUBLI, BELGAUM, DHARWAD, GOKAK, CHIKODI, SADASHIVGAD, KARWAR & NIPPANI"
02.11.04,PROD B,01.11.04,30.11.04,3% - WINDOW DISPLAY SCHEME,GUWAHATI CLUSTER
17.08.04,PROD B(ONAM SPL.),16.08.04,15.09.04,"2% ON PUR.OF COMBINED GOODS WORTH RS.5000/- TO 7000/-
3% ON PUR.OF COMBINED GOODS WORTH RS.7501/- TO 12500/-
4% ON PUR.OF COMBINED GOODS WORTH RS.12501/- TO 20000/-
5% - 20000/- ABOVE",CHENNAI BRANCH
09.11.04,PROD B,09.11.04,19.11.04,2%,ALL INDIA
,,,,,
,,,,,
SECONDARY,,,,,
28.12.04,PROD C,01.12.04,31.03.05,SCHOOL SCHEME,ALL INDIA
,,,,,
SECONDARY,,,,,
DATE,PRODUCT/PACK,SCHEME PERIOD,,SCHEME % (DETAILS),LOCATION/CLUSTER
08.10.04,PROD D,08.10.04,20.10.04,5% - LIMITED TO 30 CASES OF FNSFG 30ML.,"TRADEWELL STATIONERS, ABDUL REHMAN STREET."
07.01.05,PROD D,20.12.04,31.01.05,"ON PUR. OF 50 CASES, 3% DISC. TO THE PARTY. 2% FROM ORGN. & 1% FROM WSS.","MUSSADILAL CHANDER PRAKASH, SADAR BAZAR."
,PROD D,01.01.05,31.01.05,25%,HYDBD
,,,,,
SECONDARY,,,,,
DATE,PRODUCT/PACK,SCHEME PERIOD,,SCHEME % (DETAILS),LOCATION/CLUSTER
02.04.04,PROD E,01.04.04,30.06.04,GIFT SCHEME,AL INDIA
02.08.04,PROD E,01.08.04,31.08.04,4% - ON A MIN. PUR. OF 5 CASES WORTH RS.1000/- IN A MONTH ONLY FOR SELECTED 20 PARTIES,MUMBAI
08.09.04,PROD E,25.08.04,15.09.04,5%,"DEEPAK STORES & RUPAL STATIONERY - THRU. VIKRAM SALES AG., PATNA."
07.01.05,PROD E,01.01.05,31.01.05,5%,DEEPAK STORES & RUPAL STATIONERY - BIHAR
07.01.05,PROD E,01.01.05,31.01.05,5%,SELECT PARTIES - JAMSHEDPUR & RANCHI
21.02.05,PROD E,01.02.05,28.02.05,5% -- 250 CASES,"DEEPAK STORES & RUPAL STORES, PATNA"
24.03.05,PROD E,01.12.04,31.03.05,GOLD GIFT SCHEME,"HYDBD, SEC., HANUMKONDA, ANANTAPUR"
02.03.05,PROD E,25.02.05,15.03.05,,ALL INDIA - SELECT CLUSTERS
